"EncounterDate","EncounterType","EncounterID","PatientID"
"2006-7-13T0:00:00","Lab Encounter","1144944","1505026"
"2006-7-13T0:00:00","Lab Encounter","1144945","1505026"
"2006-7-8T0:00:00","Lab Encounter","1144946","1505026"
"2006-7-13T0:00:00","Lab Encounter","1144947","1505026"
"2006-7-13T0:00:00","Lab Encounter","1144948","1505026"
"2006-8-23T8:48:51","AUDIT","1144970","1505026"
"2006-8-29T1:13:39","AUDIT","1144984","1505026"
"2006-8-11T11:19:17","AUDIT","1144899","1505583"
"2006-8-21T15:58:20","AUDIT","1144940","1505583"
"2006-7-13T0:00:00","Lab Encounter","1144941","1505583"
"2006-7-13T0:00:00","Lab Encounter","1144942","1505583"
"2006-7-13T0:00:00","Lab Encounter","1144943","1505583"
"2007-1-20T0:00:00","Lab Encounter","1145463","1505583"
"2007-2-6T14:12:50","AUDIT","1145600","1505583"
"2007-9-5T14:20:26","AUDIT","1147166","1505583"
"2006-11-29T8:48:08","AUDIT","1145275","1505592"
"2006-11-29T8:48:08","AUDIT","1145277","1505592"
"2007-2-8T7:59:49","AUDIT","1145644","1505592"
"2006-7-13T0:00:00","Lab Encounter","1144949","1515512"
"2006-7-13T0:00:00","Lab Encounter","1144950","1515512"
"2006-7-13T0:00:00","Lab Encounter","1144951","1515512"
"2006-7-13T0:00:00","Lab Encounter","1144952","1515512"
"2006-7-13T0:00:00","Lab Encounter","1144953","1515512"
"2006-7-13T0:00:00","Lab Encounter","1144954","1515512"
"2006-11-29T8:24:10","AUDIT","1145274","1515512"
"2006-11-29T8:24:10","AUDIT","1145280","1515512"
"2006-11-29T8:24:10","AUDIT","1145285","1515512"
"2006-11-29T8:24:10","AUDIT","1145286","1515512"
"2006-11-29T8:24:10","AUDIT","1145288","1515512"
"2006-11-29T8:24:10","AUDIT","1145296","1515512"
"2007-2-8T9:48:11","AUDIT","1145645","1515512"
"2007-2-28T0:00:00","Lab Encounter","1145761","1515512"
"2006-9-14T15:37:47","AUDIT","1145033","1516969"
"2007-1-31T12:49:53","AUDIT","1145510","1517000"
"2007-2-5T10:38:07","AUDIT","1145512","1517000"
"2007-2-6T11:26:45","AUDIT","1145523","1517000"
"2007-2-6T11:26:45","AUDIT","1145525","1517000"
"2007-2-6T11:26:45","AUDIT","1145527","1517000"
"2007-2-6T11:26:45","AUDIT","1145529","1517000"
"2007-2-6T11:26:45","AUDIT","1145531","1517000"
"2007-2-6T11:26:45","AUDIT","1145533","1517000"
"2007-2-6T11:26:45","AUDIT","1145538","1517000"
"2007-2-6T11:26:45","AUDIT","1145544","1517000"
"2007-2-6T11:26:45","AUDIT","1145550","1517000"
"2007-2-6T11:26:45","AUDIT","1145552","1517000"
"2007-2-6T11:26:45","AUDIT","1145558","1517000"
"2007-2-6T11:26:45","AUDIT","1145562","1517000"
"2007-2-6T11:26:45","AUDIT","1145564","1517000"
"2007-2-6T11:26:45","AUDIT","1145566","1517000"
"2007-2-6T11:26:45","AUDIT","1145572","1517000"
"2007-2-6T11:26:45","AUDIT","1145574","1517000"
"2007-2-6T11:26:45","AUDIT","1145576","1517000"
"2007-2-6T11:26:45","AUDIT","1145578","1517000"
"2007-2-6T11:26:45","AUDIT","1145584","1517000"
"2007-2-6T11:26:45","AUDIT","1145587","1517000"
"2007-2-6T11:26:45","AUDIT","1145589","1517000"
"2007-2-6T11:26:45","AUDIT","1145591","1517000"
"2007-2-8T7:44:58","AUDIT","1145642","1517000"
"2007-2-8T7:44:58","AUDIT","1145643","1517000"
"2007-3-23T11:32:04","AUDIT","1145844","1517000"
"2007-7-18T12:27:01","AUDIT","1146624","1517426"
"2007-7-25T0:00:00","Lab Encounter","1146703","1524568"
"2007-7-26T0:00:00","Lab Encounter","1146718","1524568"
"2007-7-26T0:00:00","Lab Encounter","1146721","1524568"
"2007-7-26T0:00:00","Lab Encounter","1146723","1524568"
"2007-7-30T10:17:32","AUDIT","1146758","1524568"
"2007-7-26T0:00:00","Lab Encounter","1146761","1524568"
"2007-7-31T0:00:00","Lab Encounter","1146767","1524568"
"2007-8-1T0:00:00","Lab Encounter","1146775","1524568"
"2007-8-1T0:00:00","Lab Encounter","1146781","1524568"
"2007-8-2T0:00:00","Lab Encounter","1146783","1524568"
"2007-8-7T0:00:00","Lab Encounter","1146808","1524568"
"2007-8-16T0:00:00","Lab Encounter","1147121","1524568"
